<?xml version="1.0" encoding="UTF-8"?>
<beans xmlns="http://www.springframework.org/schema/beans"
       xmlns:xsi="http://www.w3.org/2001/XMLSchema-instance"
       xmlns:mvc="http://www.springframework.org/schema/mvc"
       xsi:schemaLocation="http://www.springframework.org/schema/beans
       http://www.springframework.org/schema/beans/spring-beans.xsd
       http://www.springframework.org/schema/mvc
       http://www.springframework.org/schema/mvc/spring-mvc.xsd
">

    <mvc:interceptors>
        <mvc:interceptor>
            <mvc:mapping path="/outpatient/**"/>
            <mvc:mapping path="/drugInstrument/**"/>
            <mvc:mapping path="/order/**"/>
            <mvc:mapping path="/viewop/**"/>
            <mvc:mapping path="/bill/**"/>
            <mvc:mapping path="/inhospital/**"/>
            <mvc:mapping path="/drugInstrument/**"/>
            <mvc:mapping path="/drugInstrument/**"/>
            <mvc:mapping path="/drugInstrument/**"/>
            <bean class="com.tosit.yl.interceptor.LoginInterceptor"/>
        </mvc:interceptor>
    </mvc:interceptors>

    <mvc:interceptors>
        <mvc:interceptor>
            <mvc:mapping path="/outpatient/**"/>
            <mvc:mapping path="/drugInstrument/**"/>
            <mvc:mapping path="/order/**"/>
            <mvc:mapping path="/viewop/**"/>
            <mvc:mapping path="/bill/**"/>
            <mvc:mapping path="/inhospital/**"/>
            <mvc:mapping path="/drugInstrument/**"/>
            <mvc:mapping path="/drugInstrument/**"/>
            <mvc:mapping path="/drugInstrument/**"/>
            <bean class="com.tosit.yl.interceptor.AuthInterceptor"/>
        </mvc:interceptor>
    </mvc:interceptors>


</beans>