<?xml version="1.0" encoding="utf-8" ?>
<!DOCTYPE mapper
        PUBLIC "-//mybatis.org//DTD Mapper 3.0//EN"
        "http://mybatis.org/dtd/mybatis-3-mapper.dtd">
<mapper namespace="com.tosit.yl.dao.AsItemDao">
    <resultMap id="asItemResultMap" type="AsItem">
        <result property="asItemId" column="as_item_id" />
        <result property="asItemName" column="as_item_name" />
        <result property="asPrice" column="as_price"/>
    </resultMap>
    <select id="queryById" parameterType="int" resultType="AsItem">
        SELECT  *
        FROM as_item
        WHERE as_item_id = #{asItemId}
    </select>

    <select id="queryByName" parameterType="String" resultType="AsItem">
        SELECT *
        FROM as_item
        WHERE as_item_name LIKE CONCAT('%',#{asItemName},'%')
    </select>

    <update id="update" parameterType="AsItem">
        UPDATE as_item
        SET as_item_name=#{asItemName},as_price=#{asPrice}
        WHERE as_item_id=#{asItemId}
    </update>

    <insert id="insert" parameterType="AsItem">
        INSERT INTO as_item
        (as_item_name,as_price)
        VALUE
        (#{asItemName},#{asPrice})
    </insert>

    <delete id="deleteById" parameterType="int">
        DELETE FROM as_item
        WHERE as_item_id=#{asItemId}
    </delete>
</mapper>