<?xml version="1.0" encoding="utf-8" ?>
<!DOCTYPE mapper
        PUBLIC "-//mybatis.org//DTD Mapper 3.0//EN"
        "http://mybatis.org/dtd/mybatis-3-mapper.dtd">
<mapper namespace="com.tosit.yl.dao.DiPcDao">
    <resultMap id="diPcResultMap" type="DiPc">
        <result property="diPcId" column="di_pc_id"/>
        <result property="diId" column="di_id"/>
        <result property="diPcOt" column="di_pc_ot"/>
        <result property="diPcNumber" column="di_pc_number"/>
        <association property="drugInstrument" javaType="DrugInstrument"
                     resultMap="com.tosit.yl.dao.DrugInstrumentDao.drugInstrumentResultMap"/>
    </resultMap>

    <select id="queryByDiPcId" resultType="DiPc" parameterType="int" resultMap="diPcResultMap">
        SELECT *
        FROM (`druginstrument` JOIN di_pc ON `druginstrument`.di_id = di_pc.di_id)
        WHERE di_pc.di_pc_id = #{diPcId}
    </select>

    <select id="queryByDiId" resultType="DiPc" parameterType="int" resultMap="diPcResultMap">
        SELECT *
        FROM (`druginstrument` JOIN di_pc ON `druginstrument`.di_id = di_pc.di_id)
        JOIN druginstrument ON druginstrument.di_id = diPc.di_id
        WHERE di_pc.di_id=#{diId}
    </select>

    <select id="queryAll" resultType="DiPc" resultMap="diPcResultMap">
        SELECT *
        FROM (`druginstrument` JOIN di_pc ON `druginstrument`.di_id = di_pc.di_id)
        ORDER BY di_pc.di_pc_id
        limit #{offset},#{limit}
    </select>

    <update id="update" parameterType="DiPc">
        UPDATE di_pc
        SET di_id=#{diId},di_pc_ot=#{diPcOt},di_pc_number=#{diPcNumber}
        WHERE di_pc_id=#{diPcId}
    </update>

    <delete id="delete" parameterType="DiPc">
        DELETE FROM di_pc
        WHERE di_pc_id=#{diPcId}
    </delete>

    <insert id="insert" parameterType="DiPc">
        INSERT INTO di_pc
        (di_id,di_pc_ot,di_pc_number)
        VALUES
        (#{diId},#{diPcOt},#{diPcNumber})
    </insert>
</mapper>