<?xml version="1.0" encoding="utf-8" ?>
<!DOCTYPE mapper
        PUBLIC "-//mybatis.org//DTD Mapper 3.0//EN"
        "http://mybatis.org/dtd/mybatis-3-mapper.dtd">
<mapper namespace="com.tosit.yl.dao.InhospitalDao">
    <resultMap id="inhospitalResultMap" type="Inhospital">
        <result property="userId" column="user_id" />
        <result property="bedId" column="bed_id" />
        <result property="inStatue" column="in_statue"/>
        <result property="inStarttime" column="in_starttime"/>
        <result property="inEndtime" column="in_endtime"/>
        <association property="user" javaType="User"
                     resultMap="com.tosit.yl.dao.UserDao.userResultMap"/>
        <association property="ward" javaType="Ward"
                     resultMap="com.tosit.yl.dao.WardDao.wardResultMap"/>
    </resultMap>

    <select id="queryByUId" resultType="Inhospital" resultMap="inhospitalResultMap">
        SELECT *
        FROM  (`user` JOIN inhospital ON `user`.user_id = inhospital.user_Id)
        JOIN ward ON ward.bed_id = inhospital.bed_id
        WHERE inhospital.user_id = #{userId}
    </select>

    <select id="queryByBId" resultType="Inhospital" resultMap="inhospitalResultMap">
        SELECT *
        FROM  (`user` JOIN inhospital ON `user`.user_id = inhospital.user_Id)
        JOIN ward ON ward.bed_id = inhospital.bed_id
        WHERE inhospital.bed_id=#{bedId}
    </select>

    <select id="queryAll" resultType="Inhospital" resultMap="inhospitalResultMap">
        SELECT *
        FROM  (`user` JOIN inhospital ON `user`.user_id = inhospital.user_Id)
        JOIN ward ON ward.bed_id = inhospital.bed_id
        ORDER BY inhospital.bed_id
        limit #{offset},#{limit}
    </select>

    <insert id="insert" parameterType="Inhospital">
        INSERT INTO inhospital
        (user_id,bed_id,in_statue,in_starttime,in_endtime)
        VALUE
        (#{userId},#{bedId},#{inStatue},#{inStarttime},#{inEndtime})

    </insert>

    <update id="update" parameterType="Inhospital">
        UPDATE inhospital
        SET user_id=#{userId},bed_id=#{bedId},in_statue=#{inStatue},in_Starttime=#{inStarttime},in_Endtime=#{inEndtime}
        WHERE bed_id=#{bedId}
    </update>



    <delete id="deleteByUId" parameterType="Inhospital">
        DELETE FROM inhospital
        WHERE bed_id=#{bedId}
    </delete>

</mapper>