<?xml version="1.0" encoding="utf-8" ?>
<!DOCTYPE mapper
        PUBLIC "-//mybatis.org//DTD Mapper 3.0//EN"
        "http://mybatis.org/dtd/mybatis-3-mapper.dtd">
<mapper namespace="com.tosit.yl.dao.MedicalRecordDao">
    <resultMap id="medicalRecordResultMap" type="MedicalRecord">
        <id property="mrId" column="mr_id"/>
        <result property="userId" column="user_id"/>
        <result property="useUserId" column="use_user_id"/>
        <result column="mr_time" property="mrTime"/>
        <result column="mr_chief_complaint" property="mrChiefComplaint"/>
        <result column="mr_pl" property="mrPl"/>
        <result column="mr_ph" property="mrPh"/>
        <result column="mr_fh" property="mrFh"/>
        <result column="mr_dx" property="mrDx"/>
        <association property="user" javaType="User"
                     resultMap="com.tosit.yl.dao.UserDao.userResultMap"/>
        <association property="doctor" javaType="User"
                     resultMap="com.tosit.yl.dao.UserDao.userResultMap">
            <id property="UserId" column="use_user_id" />
        </association>
    </resultMap>
    <select id="queryMrByUserId" resultType="MedicalRecord" resultMap="medicalRecordResultMap">
        SELECT *
        FROM (medical_record JOIN `user` a  on a.user_id = medical_record.user_id)
        JOIN `user` b ON  b.user_id = medical_record.use_user_id
        WHERE medical_record.user_id = #{userId}
    </select>

    <select id="queryMrByDoctorId" resultType="MedicalRecord" resultMap="medicalRecordResultMap">
        SELECT *
        FROM (medical_record JOIN `user` a  on a.user_id = medical_record.user_id)
        JOIN `user` b ON  b.user_id = medical_record.use_user_id
        WHERE medical_record.use_user_id =#{doctorId}
    </select>

    <select id="queryByMrId" resultType="MedicalRecord" resultMap="medicalRecordResultMap">
        SELECT *
        FROM (medical_record JOIN `user` a  on a.user_id = medical_record.user_id)
        JOIN `user` b ON  b.user_id = medical_record.use_user_id
        WHERE mr_id=#{mrId}
    </select>

    <select id="queryAll" resultType="MedicalRecord" resultMap="medicalRecordResultMap">
        SELECT *
        FROM (medical_record JOIN `user` on `user`.user_id = medical_record.user_id)
        JOIN `user` ON  `user`.user_id = medical_record.use_user_id
        ORDER BY mr_id
        limit #{offset},#{limit}
    </select>

    <insert id="insert" parameterType="MedicalRecord">
        INSERT INTO medical_record
        (user_id,use_user_id,mr_time,mr_chief_complaint,mr_pl,mr_ph,mr_fh,mr_dx)
        VALUE
        (#{userId},#{useUserId},#{mrTime},#{mrChiefComplaint},#{mrPl},#{mrPh},#{mrFh},#{mrDx})
    </insert>

    <update id="update" parameterType="MedicalRecord">
        UPDATE medical_record
        SET user_id=#{userId},use_user_id=#{useUserId},mr_time=#{mrTime},mr_chief_complaint=#{mrChiefComplaint},mr_pl=#{mrPl},mr_ph=#{mrPh},mr_fh=#{mrFh},mr_dx=#{mrDx}
        WHERE mr_id = #{mrId}
    </update>

    <delete id="deleteById" parameterType="int">
        DELETE FROM medical_record
        WHERE mr_id = #{mrId}
    </delete>
</mapper>