<?xml version="1.0" encoding="utf-8" ?>
<!DOCTYPE mapper
        PUBLIC "-//mybatis.org//DTD Mapper 3.0//EN"
        "http://mybatis.org/dtd/mybatis-3-mapper.dtd">
<mapper namespace="com.tosit.yl.dao.UserDao">
    <resultMap id="userResultMap" type="User">
        <id property="userId" column="user_id"/>
        <result property="userName" column="user_name"/>
        <result property="userAge" column="user_age"/>
        <result property="userSex" column="user_sex"/>
        <result property="userAuth" column="user_auth"/>
        <result property="userPhone" column="user_Phone"/>
        <result property="userAccount" column="user_account"/>
        <result property="userPassword" column="user_password"/>
        <result property="userBrithday" column="user_brithday"/>
    </resultMap>
    <select id="queryById" resultType="User" parameterType="int">
        SELECT *
        FROM user
        WHERE user_id = #{userId}
    </select>

    <select id="queryAccount" resultType="User" parameterType="String">
        SELECT *
        FROM user
        WHERE user_account = #{userAccount}
    </select>

    <select id="queryByName" resultType="User" parameterType="String">
        SELECT *
        FROM user
        WHERE user_name LIKE CONCAT('%',#{userName},'%')
    </select>

    <select id="queryByAccount" resultType="User">
        SELECT *
        FROM user
        WHERE user_account = #{userAccount}
        AND user_password = #{userPassword}
    </select>

    <select id="queryAll" resultType="User">
        SELECT *
        FROM user
        ORDER BY user_name DESC
        limit #{offset},#{limit}
    </select>

    <insert id="insert" parameterType="User">
        INSERT INTO user
          (user_name,user_age,user_sex,user_auth,user_phone,user_account, user_password,user_brithday)
        VALUE
          (#{userName},#{userAge},#{userSex},#{userAuth},#{userPhone},#{userAccount},#{userPassword},#{userBrithday})
    </insert>

    <update id="update" parameterType="User">
        UPDATE user
        set user_name=#{userName},user_age=#{userAge},user_sex=#{userSex},user_auth=#{userAuth},user_phone=#{userPhone},user_account=#{userAccount}, user_password=#{userPassword},user_brithday=#{userBrithday}
        WHERE user_id = #{userId}
    </update>

    <delete id="deleteById" parameterType="User">
        DELETE FROM user
        WHERE user_id=#{userId}
    </delete>

</mapper>